8;Eggs McLaren;Desconocido
11;Anonymous User;Desconocido
82;xyz;Desconocido
88;ESRogs;Desconocido
114;Craig Smitham;Desconocido
119;Jesse Ezell;Desconocido
121;ricree;Desconocido
150;ESV;Desconocido
155;garg;Desconocido
168;Dan Wolchonok;Desconocido
254;Dean Bates;Desconocido
272;Sven;Desconocido
323;dibson;Desconocido
364;Matt Mitchell;Desconocido
366;littlecharva;Desconocido
399;titanous;Desconocido
407;Grant;Desconocido
444;Dan;Desconocido
447;Alex;Desconocido
456;wilhelmtell;Desconocido
487;Nick Masao;Desconocido
503;littlecharva;Desconocido
522;Ed.;Desconocido
525;pc1oad1etter;Desconocido
570;Ghirai;Desconocido
575;Joe Mahoney;Desconocido
613;mreggen;Desconocido
618;HS.;Desconocido
623;Gelu;Desconocido
629;PacketMonkey;Desconocido
635;rupello;Desconocido
637;tbreffni;Desconocido
658;Kyle Cronin;Desconocido
669;quekshuy;Desconocido
681;Jim;Desconocido
687;Dag Haavi Finstad;Desconocido
709;Phantom Yoda;Desconocido
750;eviljack;Desconocido
779;naumcho;Desconocido
785;Mike;Desconocido
812;sefner;Desconocido
818;Josh;Desconocido
820;Joshua Turner;Desconocido
825;Pat Notz;Desconocido
833;Sébastien D.;Desconocido
844;elephantum;Desconocido
855;Harpreet;Desconocido
856;theog;Desconocido
868;TT.;Desconocido
873;Tao Zhyn;Desconocido
911;winsmith;Desconocido
930;Niels;Desconocido
1028;DannySmurf;Desconocido
1047;wordmonger;Desconocido
1050;John Mac;Desconocido
1058;Abhijit;Desconocido
1069;John Smithers;Desconocido
1071;tim;Desconocido
1088;aib;Desconocido
1110;user1110;Desconocido
1114;Jeremy;Desconocido
1135;Dogmang;Desconocido
1185;rjzii;Desconocido
1186;rtemp;Desconocido
1193;Duncan;Desconocido
1217;queuebit;Desconocido
1225;hromanko;Desconocido
1236;Nick;Desconocido
1244;nsanders;Desconocido
1271;Jorrit Reedijk;Desconocido
1294;hydeph;Desconocido
1307;merriam;Desconocido
1348;blank;Desconocido
1357;Chris;Desconocido
1361;18hrs;Desconocido
1378;GLAF;Desconocido
1392;z3r0p4r4d0x;Desconocido
1401;Mike Bennett;Desconocido
1408;vphomealone;Desconocido
1416;jcsalterego;Desconocido
1436;jeremcc;Desconocido
1440;Lukifer;Desconocido
1444;Humpton;Desconocido
1451;fiirhok;Desconocido
1477;maxsilver;Desconocido
1513;airrob;Desconocido
1541;Joe Schneider;Desconocido
1561;Jeff Thomas;Desconocido
1569;Factor Mystic;Desconocido
1586;Jegschemesch;Desconocido
1608;Louis;Desconocido
1645;Matthew;Desconocido
1647;kudlur;Desconocido
1648;Yossi Kreinin;Desconocido
1651;Barak Schiller;Desconocido
1653;Chris N;Desconocido
1670;guillermooo;Desconocido
1702;Yuval F;Desconocido
1740;andersjanmyr;Desconocido
1745;Glass Robot;Desconocido
1764;ansgri;Desconocido
1799;Mat Noguchi;Desconocido
1809;Steven Dick;Desconocido
1851;tgmdbm;Desconocido
1879;Michael Ratanapintha;Desconocido
1905;Jorge L. Fatta;Desconocido
1910;Gerard Gualberto;Desconocido
1914;Ellen Teapot;Desconocido
1948;Andrew;Desconocido
1956;AndyMan;Desconocido
1962;adparadox;Desconocido
1964;Santi;Desconocido
1965;FlySwat;Desconocido
1977;AAA;Desconocido
1993;Andy;Desconocido
2011;pbreault;Desconocido
2013;user2013;Desconocido
2047;Craig;Desconocido
2057;Alex;Desconocido
2059;Petey;Desconocido
2067;Bob Jones;Desconocido
2073;chitza;Desconocido
2109;Owen;Desconocido
2115;mcqwerty;Desconocido
2116;jessilfp;Desconocido
2137;Satish;Desconocido
2158;Michael Luton;Desconocido
2180;forrest;Desconocido
2206;alex;Desconocido
2226;allan;Desconocido
2268;Adam Hepton;Desconocido
2283;Weeble;Desconocido
2308;JEzell;Desconocido
2320;Slava F;Desconocido
2330;Gary;Desconocido
2346;Loren Charnley;Desconocido
2349;BZ.;Desconocido
2383;quux;Desconocido
2391;Anonymoose;Desconocido
2415;jr.;Desconocido
2427;Daniel Benamy;Desconocido
2430;Keshi;Desconocido
2441;aphoria;Desconocido
2482;Acuminate;Desconocido
2497;Srdjan Pejic;Desconocido
2503;Christopher Fleming;Desconocido
2539;Napco;Desconocido
2549;Mark Knudson;Desconocido
2574;Adam Mitz;Desconocido
2580;user2580;Desconocido
2591;Jörg B.;Desconocido
2592;Josh Hunt;Desconocido
2601;user2601;Desconocido
2611;ars;Desconocido
2633;Edmund Tay;Desconocido
2638;OysterD;Desconocido
2645;Mike Moore;Desconocido
2649;Russell Mayor;Desconocido
2668;user2668;Desconocido
2691;John Conners;Desconocido
2702;BillSaysThis;Desconocido
2718;Andrei;Desconocido
2720;SecretDeveloper;Desconocido
2721;ANaimi;Desconocido
2751;SweetNickyC;Desconocido
2752;user2752;Desconocido
2761;Dan Powley;Desconocido
2763;dfasdljkhfaskldjhfasklhf;Desconocido
2767;Shane Hughes;Desconocido
2768;jmatthias;Desconocido
2769;Zub;Desconocido
2770;andyp;Desconocido
2772;borrego;Desconocido
2775;sphereinabox;Desconocido
2788;Strelok;Desconocido
2800;Journeyman;Desconocido
2808;Nicholas;Desconocido
2829;mjlee;Desconocido
2855;gltovar;Desconocido
2870;user2870;Desconocido
2874;Zameer Manji;Desconocido
2875;qwerty;Desconocido
2881;Al.;Desconocido
2884;jcoby;Desconocido
2910;benc;Desconocido
2911;nollidge;Desconocido
2923;Georgia;Desconocido
2930;Timm;Desconocido
2941;guruz;Desconocido
2950;cjanssen;Desconocido
2951;James B;Desconocido
2967;Luís Oliveira;Desconocido
2971;Magnus Hoff;Desconocido
2992;Argelbargel;Desconocido
3002;dF.;Desconocido
3006;Avinash;Desconocido
3018;coder1;Desconocido
3024;Frep D-Oronge;Desconocido
3027;nso1;Desconocido
3054;John Spurlock;Desconocido
